address,name
40A020,pc_matrix_identity
40A100,pc_matrix_store_rotation
40A220,pc_matrix_multiply_current
40A410,pc_matrix_rotate_y
40F110,course_vec3_length_squared
40F140,course_vec3_distance
43CD50,calc_y_pos_spl
43D4D0,find_primary_course_run
43D6E0,find_secondary_course_run
43DF20,coli_get_forward_polygon_number
43E0D0,coli_get_back_polygon_number
43E250,coli_get_left_polygon_number
43E300,coli_get_right_polygon_number
43E7E0,get_road_cond
4429B0,object_ctor_4429b0
442A60,object_ctor_442a60
442AC0,object_block_init_442ac0
442B20,object_state_ctor_442b20
442C20,object_state_reset_442c20
442CB0,object_select_primary_442cb0
442D70,object_select_secondary_442d70
44C8D0,pc_find_stage_record
44DC50,pc_stage_number
455F50,CarCalcTotalCsLen
45C440,GetNowHeartCalcMode
494A70,calc_hermite_direction_vector2
494B90,calc_normal_to_delta
494D30,calc_carry_variable
494E20,calc_hermite_coefficients
494EE0,solve_hermite
4951D0,calc_hermite_tangent2
495340,calc_hermite_tangent
4953F0,calc_hermite2
49E490,runtime_init_entry_49e490
49E4A0,runtime_owner_entry_49e4a0
49E4B0,runtime_display_entry_49e4b0
49E4C0,runtime_destroy_entry_49e4c0
49FAD0,OperationInput
49FB70,ControlTimeUpBraking
4A0000,make_force_work_tire_4a0000
4A0200,reb_pl_body_base_4a0200
4A0320,reb_pl_body_sub2_4a0320
4A08F0,reb_pl_body_sub3_4a08f0
4A2130,CarCalcCurrentStageProgress
4A2EE0,SetOldParamBuffer
4A2FA0,rear_grip_ctrl
4A3260,rear_grip_curve_4a3260
4A3310,slip_angle_ctrl
4A3950,cornering_ctrl
4A3C60,calc_pl_body_force_limit_4a3c60
4A47F0,set_collision_timer
4A50F0,CheckShiftWarning
4A5260,CheckWanderer
4A5470,assist_wanderer_4a5470
4A5650,HAM_Nos_SetSpeed
4A62E0,reb_pl_body_4a62e0
4A8330,GamePlCar_Ctrl
4AF500,timer_value_4af500
500230,CalcTireVelocity
5003C0,SteeringOperation
5003C0,steering_operation
500580,CalcToeAngle
500580,toe_angle
500700,CalcTireDirection
500950,auto_clutch_control
500B30,GetRoadMu
500C60,tire_grip
500EA0,cornering_power
500FF0,front_driving_force
501190,front_wheel_rotation
501240,rear_driving_force
501680,rear_wheel_rotation
5019C0,side_force
501AD0,resolve_wheel_forces
501BA0,slip_ratio
501C90,rolling_resistance
501FB0,engine_friction
502070,predicted_engine_speed
502120,SetRunningResistance
502120,running_resistance
502270,copy_physical_work
502420,AutoTransmission
5024C0,ManuTransmission
5025C0,accel_operation
5026F0,friction_circle
502A00,engine_torque
502C90,DrivingControl
503380,calc_rebound_heading
5036C0,check_crush_entrapment_length
503720,check_friction_entrapment_length
503BF0,calc_friction_status
518360,induce_spin
520960,brake_pressure
850B04,pc_versus_flag_4f53b0
402420,assign
403960,assign
402450,move_source
4024C0,source_1c
403C70,source_1c
402550,set_source_20
403D10,set_source_20
402610,set_axis_24
402760,enum_403ef0
402780,enum_403ef0
402820,enum_403ef0
402F80,joystick_create_402e40
402FE0,axis
4030C0,listen_2c
403350,apply_axis_30
4033B0,bind_34
4034A0,axis_moved_38
563550,axis_moved_38
403590,profile_4040f0
403750,create_403de0
4037E0,control_4d7fb0
403A30,listen_begin_28
404020,current
407070,game_buttons
407430,update_record
4077F0,double_taps
407880,auto_repeat
445E10,source_name_4d6900
4D68B0,source_name_4d6900
445E30,key_name_wide
446430,display_4d6a60
4D5B40,control_4d7fb0
411560,occlusion_411420
4115C0,occlusion_411420
4116A0,occlusion_411420
452C50,mode27_exit_49aed0
452C90,mode27_exit_49aed0
452CB0,mode27_exit_49aed0
452D00,mode27_exit_49aed0
452D90,mode27_exit_49aed0
452E00,mode27_exit_49aed0
452EF0,mode27_exit_49aed0
453050,mode27_exit_49aed0
4F3A80,sp_record_4f3910
4F3950,sp_record_4f3810
4F39E0,sp_record_4f3870
452390,ending_background_4522d0
4523A0,ending_background_4522d0
4523B0,ending_background_4522d0
4B6F20,save_round_49ef40
4B6F30,load_round_49ef70
402340,keyboard_create_403990
4024A0,display_4d6a60
401490,rob_flag_ctrl_402140
4041E0,renderer_init_404250
4050F0,render_object_405360
4083F0,renderer_init_404250
4088F0,rs
408920,tss
408960,samp
409FD0,push_multiply
40A0A0,pc_matrix_unit_rotation
40A190,pc_matrix_load_rotation
40A3A0,scene_effects_control_4afdc0
40A470,rotate_zyx
40A950,scene_effects_headlight_init_4af5b0
40A9B0,rotation_y_cs
40AA50,rotation_z_cs
40AF40,render_pixel_state_init_40ac60
40DB80,env_light
40ED60,frame_render_449050
40F280,sub_vec_x87
410100,material_kind_setup_4104d0
410140,material_kind_setup_4104d0
410180,material_kind_setup_4104d0
411220,race_env_sky_451c20
411CD0,parse_42f4c0
4124E0,play_412770
412690,play_412770
412700,play_412770
412930,mix
412B60,volume_pan_42f850
412BE0,frequency_42f980
412C60,volume_pan_42f850
412FE0,tick_42f330
416A40,pc_headlight_vertices_4171f0
416AA0,pc_headlight_display_4695c0
418230,misc_req_41ef00
418270,misc_req_41ef00
4211D0,shadow_free_46bb20
4227C0,renderer_init_404250
423100,ghost_save_write_4168d0
426AC0,isnan3
4282B0,create
428900,native_loading_animation_close_4999f0
428EA0,sprani_draw_428a10
42A070,frontend_text_glyph_42c720
42C370,frontend_owner_call_impl
42C410,frontend_text_width_42c480
42C820,frontend_owner_call_impl
42C840,frontend_owner_call_impl
42CC30,navi_digits_4ba9d0_impl
42EE10,master_volume_42efa0
42F320,title_owner_construct_4d7140
43A820,run_end
43D340,course_collision_offset_direction
43E3B0,pc_get_cs_road_info_by_cs_len
440750,native_records_open_440870
4407E0,native_ghost_open_440880
444650,native_event36_state2_call
444B20,frontend_owner_call_impl
445500,native_event36_owner_call
446830,strip_release
4469F0,slider_tick_4469c0
446A20,slider_tick_4469c0
448DA0,render_reset_states_408880
4493B0,angles_449640
449460,env_fog_40d870
449A60,ghost_trim_467260
449CD0,segments_449d00
449F80,scene_environment_lights_407940
449FB0,course_environment_init_44a940
44A0F0,native_scene_owner_environment_44aa80
44A630,load_flare_table
44B730,net_active
44B8D0,race_env_model_44cd30
44BEB0,race_sky_init_451a30
44C670,sway_ctrl_4aa070
44C980,handicap_control_458e40
44FB60,run_end
44FD20,pc_road_table_slot_46fc40
453300,mode4_control_49f040
453310,quit_asked
455670,native_get_road_ofs_4a4010
456820,pc_save_route_progress
4579E0,vehicle_creation_network_440380
4579F0,vehicle_creation_network_440380
45AE10,PcRaceEndState
45B850,requests_4bcd50
45DF60,pickup_ctrl
45DF80,requests_4bcd50
45DF90,level_4bd0a0
45DFA0,requests_4bcd50
45E290,navi_pub_destroy_4b8df0_impl
4633A0,eval_passes
4634B0,eval_passes
465F10,record_row_4bdac0
466D20,banner_4bddb0
466D60,banner_4bddb0
467760,ghost_save_prepare_467880
4677B0,ghost_save_store_467960
46C060,display_ending_car
46C090,display_select_car
46C280,runtime_route_mode_4eead0
46C470,slip_angle_ctrl
46C550,vehicle_race_display_46bd30
46C810,navi_rival_labels_4bad20_impl
46C830,navi_rival_labels_4bad20_impl
46EEF0,request_45efb0
46EF00,request_45f180
476340,progress_4b9b40
476550,racer_setup_47cf40
477350,rival
4774A0,racer_count
4774B0,racer_setup_47cf40
477DC0,racer_by_rank
47D970,pc_47dc00
47EE60,ghost_4ba7b0
47F120,stages_4be4b0
47FC50,record_names_4ba280
47FCC0,record_names_4ba280
47FD00,record_names_4ba280
482E70,camera
483EB0,score_4bd480
483EC0,draw_419dc0
487300,pc_tire_smoke_req_41c570
487480,pc_tire_smoke_req_41c570
487490,record_ghost_car_4a4710
487790,pc_direction_xz
48B2F0,runtime_prepare_4eec80
48B300,runtime_prepare_4eec80
48BD20,sprani_draw_428a10
48CAC0,audio_init_4d78c0
48DA20,clear_48e440
48DA80,add_text_48db30
48DAD0,add_text_48db30
48E200,title_settings_apply_4d76f0
48E490,FrontendChoiceList
48E4D0,title_widget_construct_48e590
48F040,frontend_text_display_48f3c0
48F0B0,frontend_text_display_48f3c0
48F2D0,text_apply_format
48F4D0,frontend_owner_call_impl
48F900,record_request_reset_435ff0
48F910,record_request_construct_435f70
495480,runtime_prepare_4eec80
495810,rivals_477b60
495840,rivals_477b60
495990,run_end
4961E0,native_scene_owner_models_49b870
496300,racer_setup_47cf40
496380,frontend_categories_init_4e8760
496410,position_4b9d80
496460,last_place
498400,mode27_init_49adc0
49EEE0,native_car_event_invoke
49FD50,make_force_work_sus
49FE00,calc_game_resist
4A0F90,contact_matrix
4AD1E0,other_car_draw_4ae0f0
4AD380,ghost_car_shadow_4adac0
4AD410,plain
4AD470,object
4ADBC0,model
4ADD80,model
4AE030,model
4AE070,model
4AE0B0,model
4AEF20,mode25_control_49a800
4AF510,rob_motion_calc_4f2520
4AF540,racer_setup_47cf40
4B00F0,stage_bonus_4f2b20
4B02A0,racer_setup_47cf40
4B2080,rows
4B2150,rows
4B2220,rows
4B8DE0,mission_manager_init_495b90
4B8EF0,mission_manager_control_496a30
4BC390,car_blocks
4BC5B0,car_blocks
4BD9B0,countdown_4bda30
4BDAA0,tracked_45b790
4C5440,native_update
4C5CD0,native_stage12_factory_construct
4C5EF0,native_stage12_factory_construct
4C60B0,native_stage12_factory_construct
4C99D0,play
4C9A30,play
4CAE00,frontend_rankings_destroy_4caeb0
4CDD70,mode_bits
4CE5A0,board_restore
4CE7A0,board_labels
4D0040,board_labels
4D3F80,main_control
4D40C0,back
4D4110,back
4D4140,back
4D4180,back
4D41D0,back
4D4630,owned_hide
4D4840,dialog_control
4D4C50,main_init
4D4E70,cars_control
4D4FB0,simple_init
4D5060,simple_control
4D5130,music_init
4D54E0,colours_control
4D55E0,simple_init
4D5690,simple_control
4D6510,invoke
4D8FF0,selector_leave
4DD890,display
4DD8D0,exit_setup
4DDB90,name_result
4DDEF0,license_editor_grid
4DE020,license_editor_grid
4DE160,license_editor_grid
4E0A40,frontend_profiles_free_slot
4E0B90,FrontendLicenseOwners
4E1230,exit
4E1260,license_chooser_tick_4e2970
4E1BB0,populate_panels_4e2150
4E8F80,selection
4ED020,clear_4eda60
4ED080,append
4ED100,append
4EDAB0,FrontendList
4EEF20,native_title_pause_service
4EF260,frontend_license_reset_4471a0
4EF410,gad_pub_control_498590
4EF430,record_insert_447750
4EF440,stage_bonus_4f2b20
4EF460,stage_bonus_4f2b20
4EF4D0,price
4EF4E0,mode34_control_49b570
4EF880,fixed_478b90
4F0650,anim_init_4a9bd0
4F0BA0,object_load
4F0DB0,heart_ctrl_4abf20
4F0DC0,heart_ctrl_4abf20
4F1860,native_mission_event_invoke
4F1EF0,body_514280
4F2B00,request_45f3d0
4F2B10,request_45f3d0
4F6570,pc_advance_crash_state
4F6590,pc_crash_recovery_duration
502F80,push_outpos_mat_obsolete
5030F0,coli_set_obsolete
5034C0,calc_wall_impact_angle
5038D0,pc_cw_crush_status
503A20,cw_rebound_status
504900,pc_pl_wrecker
504CE0,car_body_wall_coli_check
505360,racer_setup_47cf40
505390,racer_setup_47cf40
513650,pc_sample_crash_channel
513730,goal_motion_486ef0
513740,goal_motion_486ef0
513A30,hands
513BA0,hands
514910,rob_disp_init_514bf0
514EB0,disp_514c30
517010,set_force_obsolete
518010,ass_cancel_incline_resistance
5180B0,ass_press_down_against_road
518110,ass_get_press_down
518120,ass_specific_amount_of_tire_load
518240,ass_diagonal_tire_load
518420,ass_mu_control
518E10,get_y_position_spl_chk
518FA0,car_sus_coli_check
519170,car_sus_bump_push
519500,calc_ground_coli_face
51B3F0,connect
51B650,calc_bones
51B6D0,calc_bones
51B8D0,integrate
51B9F0,integrate
51BB10,frontend_carousel_move
51BBA0,frontend_carousel_move
51BE10,frontend_transmission_init_4dd250
51CA90,list_scroll
51CB70,list_scroll
51EFC0,record_copy_51f0d0
51F580,display_4ed3e0
51F5B0,display_4ed3e0
51F6A0,display_4ed3e0
520950,vehicle_collision_init_4f6e40
4523C0,ending_car_init_49f410
4523D0,ending_car_init_49f410
45AE30,demo_record_4b6f40
468FB0,exit_animation
4EEE50,populate_panels_4e2150
424B40,native_game_mode_init
4E8230,frontend_group_grade_4e82a0
